timestamp (ms),predictions_labels,label_counts,majority_label,rms,midi_val_rms
0.030,"['s', 's', 's', 's', 's', 's', 's', 's', 's', 's', 's', 's', 's', 's', 's', 's', 's', 's']",{'s': 18},s,2.901410315377992,0.49864374014567797
0.045,"['s', 's', 's', 's', 's', 's', 's', 's', 's', 's', 's', 's', 's', 's', 's', 's', 's', 's']",{'s': 18},s,6.539391130956793,1.1238524182963023
0.060,"['s', 's', 's', 's', 's', 's', 's', 's', 's', 's', 's', 's', 's', 's', 's', 's', 's', 's']",{'s': 18},s,9.2192979421133,1.5843767003357727
0.075,"['s', 's', 's', 's', 's', 's', 's', 's', 's', 's', 's', 's', 's', 's', 's', 's', 's', 's']",{'s': 18},s,6.153343510940728,1.0575099211514103
0.090,"['s', 's', 's', 's', 's', 's', 's', 's', 's', 's', 's', 's', 's', 's', 's', 's', 's', 's']",{'s': 18},s,2.7584580673069707,0.4740758418746175
0.105,"['s', 's', 's', 's', 's', 's', 's', 's', 's', 's', 's', 's', 's', 's', 's', 's', 's', 's']",{'s': 18},s,31.18507801672285,5.356344542662578
0.120,"['s', 's', 's', 's', 's', 's', 's', 's', 's', 'n', 'n', 'n', 's', 'n', 's', 's', 's', 's']","{'s': 14, 'n': 4}",s,17.79491755836736,3.0576952128623387
0.135,"['n', 'n', 'n', 's', 'n', 's', 's', 's', 's', 's', 's', 's', 's', 's', 's', 's', 's', 's']","{'n': 4, 's': 14}",s,18.07220366902015,3.1053220523294107
0.150,"['s', 's', 's', 's', 's', 's', 's', 's', 's', 's', 's', 's', 's', 's', 's', 's', 's', 's']",{'s': 18},s,7.018805907249207,1.2062392413092362
0.165,"['s', 's', 's', 's', 's', 's', 's', 's', 's', 's', 's', 's', 's', 's', 's', 's', 's', 's']",{'s': 18},s,7.907706252878782,1.3589928591463085
0.180,"['s', 's', 's', 's', 's', 's', 's', 's', 's', 's', 's', 's', 's', 's', 's', 's', 's', 's']",{'s': 18},s,2.44670464837169,0.4204975043951047
0.195,"['s', 's', 's', 's', 's', 's', 's', 's', 's', 's', 's', 's', 's', 's', 's', 's', 's', 's']",{'s': 18},s,4.3672333659569045,0.7505588503554814
0.210,"['s', 's', 's', 's', 's', 's', 's', 's', 's', 's', 's', 's', 's', 's', 's', 's', 's', 's']",{'s': 18},s,35.17126926652181,6.040022255447059
0.224,"['s', 's', 's', 's', 's', 's', 's', 's', 's', 's', 's', 's', 's', 's', 's', 's', 's', 's']",{'s': 18},s,11.239742798739577,1.9315494798118045
0.239,"['s', 's', 's', 's', 's', 's', 's', 's', 's', 's', 's', 's', 's', 's', 's', 's', 's', 's']",{'s': 18},s,17.054724751916588,2.930554978861022
0.254,"['s', 's', 's', 's', 's', 's', 's', 's', 's', 's', 's', 's', 's', 's', 's', 's', 's', 's']",{'s': 18},s,13.603642560325191,2.337700456527742
0.269,"['s', 's', 's', 's', 's', 's', 's', 's', 's', 's', 's', 's', 's', 's', 's', 's', 's', 's']",{'s': 18},s,4.831243017165364,0.8303020019439621
0.284,"['s', 's', 's', 's', 's', 's', 's', 's', 's', 's', 's', 's', 's', 's', 's', 's', 's', 's']",{'s': 18},s,11.91790097443185,2.0480709983328476
0.299,"['s', 's', 's', 's', 's', 's', 's', 's', 's', 's', 's', 's', 's', 's', 's', 's', 's', 's']",{'s': 18},s,5.346621703128401,0.9188724821169585
0.314,"['s', 's', 's', 's', 's', 's', 's', 's', 's', 's', 's', 's', 's', 's', 's', 's', 's', 's']",{'s': 18},s,1.6706014159305298,0.2871148010493502
0.329,"['s', 's', 's', 's', 's', 's', 's', 's', 's', 's', 's', 's', 's', 's', 's', 's', 's', 's']",{'s': 18},s,10.484187227352525,1.801725614363654
0.344,"['s', 's', 's', 's', 's', 's', 's', 's', 's', 's', 's', 's', 's', 's', 's', 's', 's', 's']",{'s': 18},s,10.141274798833456,1.7428031671146018
0.359,"['s', 's', 's', 's', 's', 's', 's', 's', 's', 's', 's', 's', 's', 's', 's', 's', 's', 's']",{'s': 18},s,1.6828006958098698,0.28921140022873953
0.374,"['s', 's', 's', 's', 's', 's', 's', 's', 's', 's', 's', 's', 's', 's', 's', 's', 's', 's']",{'s': 18},s,8.112000089653934,1.394099308844317
0.389,"['s', 's', 's', 's', 's', 's', 's', 's', 's', 's', 's', 's', 's', 's', 's', 's', 's', 's']",{'s': 18},s,2.184657243763257,0.3754615870723754
0.404,"['s', 's', 's', 's', 's', 's', 's', 's', 's', 's', 's', 's', 's', 's', 's', 's', 's', 's']",{'s': 18},s,0.40451991747794525,0.06952217552088044
0.419,"['s', 's', 's', 's', 's', 's', 's', 's', 's', 's', 's', 's', 's', 's', 's', 's', 's', 's']",{'s': 18},s,1.0531338514599695,0.18099507681983706
0.434,"['s', 's', 's', 's', 's', 's', 's', 's', 's', 's', 's', 's', 's', 's', 's', 's', 's', 's']",{'s': 18},s,0.7567874686642695,0.1300640477936025
0.449,"['s', 's', 's', 's', 's', 's', 's', 's', 's', 's', 's', 's', 's', 's', 's', 's', 's', 's']",{'s': 18},s,0.5351295510095069,0.09196918651637799
0.464,"['s', 's', 's', 's', 's', 's', 's', 's', 's', 's', 's', 's', 's', 's', 's', 's', 's', 's']",{'s': 18},s,0.5640760748177662,0.09694403273526205
0.479,"['s', 's', 's', 's', 's', 's', 's', 's', 's', 's', 's', 's', 's', 's', 's', 's', 's', 's']",{'s': 18},s,0.15075567228888181,0.02590938733218683
0.494,"['s', 's', 's', 's', 's', 's', 's', 's', 's', 's', 's', 's', 's', 's', 's', 's', 's', 's']",{'s': 18},s,1.9805876079404499,0.34038976170385216
0.509,"['s', 's', 's', 's', 's', 's', 's', 's', 's', 's', 's', 's', 's', 's', 's', 's', 's', 's']",{'s': 18},s,2.1825756260978366,0.3751038362835338
0.524,"['s', 's', 's', 's', 's', 's', 's', 's', 's', 's', 's', 's', 's', 's', 's', 's', 's', 's']",{'s': 18},s,0.8034018580103892,0.1380753477977444
0.539,"['s', 's', 's', 's', 's', 's', 's', 's', 's', 's', 's', 's', 's', 's', 's', 's', 's', 's']",{'s': 18},s,0.8146387933534492,0.14000656375387055
0.554,"['s', 's', 's', 's', 's', 's', 's', 's', 's', 's', 's', 's', 's', 's', 's', 's', 's', 's']",{'s': 18},s,1.7837651700316894,0.3065634045747402
0.569,"['s', 's', 's', 's', 's', 's', 's', 's', 's', 't', 't', 't', 't', 't', 't', 't', 't', 't']","{'s': 9, 't': 9}",s,127.53152907846322,21.69957453886982
0.584,"['t', 't', 't', 't', 't', 't', 't', 't', 't', 't', 't', 't', 't', 't', 't', 't', 't', 't']",{'t': 18},t,107.45197658827534,18.33596177608348
0.599,"['t', 't', 't', 't', 't', 't', 't', 't', 't', 't', 't', 't', 't', 't', 't', 't', 't', 't']",{'t': 18},t,120.33502475097673,20.497448132805992
0.614,"['t', 't', 't', 't', 't', 't', 't', 't', 't', 't', 't', 't', 't', 't', 't', 't', 't', 't']",{'t': 18},t,117.9377339569872,20.09613287576196
0.629,"['t', 't', 't', 't', 't', 't', 't', 't', 't', 't', 't', 't', 't', 't', 't', 't', 't', 't']",{'t': 18},t,117.63663235883317,20.045697597402125
0.703,"['t', 'i', 'i', 't', 'i', 't', 't', 't', 't', 'i', 't', 'i', 'i', 'i', 'i', 'i', 'i', 'i']","{'t': 7, 'i': 11}",i,28.358259979958383,4.871318752066859
0.718,"['i', 't', 'i', 'i', 'i', 'i', 'i', 'i', 'i', 'i', 'i', 'i', 'i', 'i', 'i', 'i', 'i', 'i']","{'i': 17, 't': 1}",i,36.04372344805681,6.189612066138844
0.733,"['i', 'i', 'i', 'i', 'i', 'i', 'i', 'i', 'i', 't', 'i', 'i', 't', 't', 't', 'i', 'i', 'i']","{'i': 14, 't': 4}",i,35.8661653676807,6.1591696022412235
0.748,"['t', 'i', 'i', 't', 't', 't', 'i', 'i', 'i', 'i', 'i', 'i', 'i', 'i', 'i', 'i', 'i', 'i']","{'t': 4, 'i': 14}",i,36.856663391626164,6.328981915099439
0.763,"['i', 'i', 'i', 'i', 'i', 'i', 'i', 'i', 'i', 'i', 'i', 't', 'i', 'i', 'i', 'i', 'i', 'i']","{'i': 17, 't': 1}",i,38.58662038488565,6.625512424400493
0.778,"['i', 'i', 't', 'i', 'i', 'i', 'i', 'i', 'i', 't', 'i', 't', 'i', 'i', 'i', 'i', 'i', 'i']","{'i': 15, 't': 3}",i,25.056481651007445,4.304617117520978
0.793,"['t', 'i', 't', 'i', 'i', 'i', 'i', 'i', 'i', 'i', 'i', 'i', 'i', 'i', 'i', 'i', 'i', 'i']","{'t': 2, 'i': 16}",i,27.327724849583536,4.694462677034923
0.808,"['i', 'i', 'i', 'i', 'i', 'i', 'i', 'i', 'i', 'i', 'i', 'i', 'i', 'i', 'i', 'i', 't', 'i']","{'i': 17, 't': 1}",i,19.878037217903675,3.4154708447336652
0.823,"['i', 'i', 'i', 'i', 'i', 'i', 'i', 't', 'i', 't', 't', 't', 'i', 'i', 'i', 'i', 'i', 'i']","{'i': 14, 't': 4}",i,16.696080106093493,2.8689497251814404
0.838,"['t', 't', 't', 'i', 'i', 'i', 'i', 'i', 'i', 'i', 'i', 'i', 'i', 'i', 'i', 'i', 'i', 't']","{'t': 4, 'i': 14}",i,18.08929869488387,3.108258275972658
0.853,"['i', 'i', 'i', 'i', 'i', 'i', 'i', 'i', 't', 'i', 'i', 'i', 'i', 'i', 'i', 'i', 'i', 'i']","{'i': 17, 't': 1}",i,21.04680930255657,3.6161835908310755
0.868,"['i', 'i', 'i', 'i', 'i', 'i', 'i', 'i', 'i', 'i', 'i', 't', 'i', 'i', 'i', 'i', 'i', 'i']","{'i': 17, 't': 1}",i,14.599346187104034,2.508762181869435
0.883,"['i', 'i', 't', 'i', 'i', 'i', 'i', 'i', 'i', 'i', 'i', 'i', 't', 't', 'i', 'i', 'i', 'i']","{'i': 15, 't': 3}",i,16.559534468643186,2.8454945902001514
0.898,"['i', 'i', 'i', 't', 't', 'i', 'i', 'i', 'i', 'i', 'i', 'i', 'i', 'i', 'i', 'i', 'i', 'i']","{'i': 16, 't': 2}",i,22.626111223339045,3.8873670913991734
0.913,"['i', 'i', 'i', 'i', 'i', 'i', 'i', 'i', 'i', 'i', 'i', 'i', 'i', 'i', 'i', 'i', 'i', 'i']",{'i': 18},i,18.01136005161995,3.0948715893079766
0.928,"['i', 'i', 'i', 'i', 'i', 'i', 'i', 'i', 'i', 'i', 'i', 'i', 'i', 'i', 'i', 'i', 'i', 'i']",{'i': 18},i,16.434027891155374,2.823935516333904
0.943,"['i', 'i', 'i', 'i', 'i', 'i', 'i', 'i', 'i', 'i', 'i', 'i', 'i', 'i', 'i', 'i', 'i', 'i']",{'i': 18},i,13.895551937089929,2.3878513625872424
0.958,"['i', 'i', 'i', 'i', 'i', 'i', 'i', 'i', 'i', 'i', 'i', 'i', 'i', 'i', 'i', 'i', 'i', 'i']",{'i': 18},i,16.27463168135108,2.7965547635542727
0.973,"['i', 'i', 'i', 'i', 'i', 'i', 'i', 'i', 'i', 'i', 'i', 'i', 'i', 'i', 'i', 'i', 'i', 'i']",{'i': 18},i,10.238075103171584,1.7594363866140812
0.988,"['i', 'i', 'i', 'i', 'i', 'i', 'i', 'i', 'i', 'i', 'i', 'i', 'i', 'i', 'i', 'i', 'i', 'i']",{'i': 18},i,8.829187134416477,1.5173410756676182
1.003,"['i', 'i', 'i', 'i', 'i', 'i', 'i', 'i', 'i', 's', 's', 's', 'i', 'i', 'i', 'i', 'i', 'i']","{'i': 15, 's': 3}",i,8.414003479049349,1.4459960553667472
1.018,"['s', 's', 's', 'i', 'i', 'i', 'i', 'i', 'i', 'i', 'i', 'i', 'i', 'i', 'i', 's', 's', 's']","{'s': 6, 'i': 12}",i,4.678772177709563,0.8040989420859929
1.033,"['i', 'i', 'i', 'i', 'i', 'i', 's', 's', 's', 's', 's', 's', 's', 's', 's', 's', 's', 's']","{'i': 6, 's': 12}",s,6.5150176166649425,1.1196638344215075
1.048,"['s', 's', 's', 's', 's', 's', 's', 's', 's', 's', 's', 's', 's', 's', 's', 's', 's', 's']",{'s': 18},s,2.7944750686114395,0.48026575866241245
1.063,"['s', 's', 's', 's', 's', 's', 's', 's', 's', 's', 's', 's', 's', 's', 's', 's', 's', 's']",{'s': 18},s,1.3517665209912277,0.23231897445907912
1.078,"['s', 's', 's', 's', 's', 's', 's', 's', 's', 's', 's', 's', 's', 's', 's', 's', 's', 's']",{'s': 18},s,0.2522624895547565,0.04335469628573941
1.093,"['s', 's', 's', 's', 's', 's', 's', 's', 's', 's', 's', 's', 's', 's', 's', 's', 's', 's']",{'s': 18},s,0.22360679774997896,0.03842983117692539
1.107,"['s', 's', 's', 's', 's', 's', 's', 's', 's', 's', 's', 's', 's', 's', 's', 's', 's', 's']",{'s': 18},s,0.29387690682262935,0.0505066919921279
1.122,"['s', 's', 's', 's', 's', 's', 's', 's', 's', 's', 's', 's', 's', 's', 's', 's', 's', 's']",{'s': 18},s,0.13483997249264842,0.023174060597382366
1.137,"['s', 's', 's', 's', 's', 's', 's', 's', 's', 's', 's', 's', 's', 's', 's', 's', 's', 's']",{'s': 18},s,0.2522624895547565,0.04335469628573941
1.152,"['s', 's', 's', 's', 's', 's', 's', 's', 's', 's', 's', 's', 's', 's', 's', 's', 's', 's']",{'s': 18},s,0.42103767916034224,0.07236097388342858
1.167,"['s', 's', 's', 's', 's', 's', 's', 's', 's', 's', 's', 's', 's', 's', 's', 's', 's', 's']",{'s': 18},s,0.24308621740219885,0.04177763081237766
1.182,"['s', 's', 's', 's', 's', 's', 's', 's', 's', 's', 's', 's', 's', 's', 's', 's', 's', 's']",{'s': 18},s,0.13483997249264842,0.023174060597382366
1.197,"['s', 's', 's', 's', 's', 's', 's', 's', 's', 's', 's', 's', 's', 's', 's', 's', 's', 's']",{'s': 18},s,0.30895719032666236,0.053098440878939515
1.212,"['s', 's', 's', 's', 's', 's', 's', 's', 's', 's', 's', 's', 's', 's', 's', 's', 's', 's']",{'s': 18},s,0.0,0.0
1.227,"['s', 's', 's', 's', 's', 's', 's', 's', 's', 's', 's', 's', 's', 's', 's', 's', 's', 's']",{'s': 18},s,0.3813850356982369,0.06554613641061707
1.242,"['s', 's', 's', 's', 's', 's', 's', 's', 's', 's', 's', 's', 's', 's', 's', 's', 's', 's']",{'s': 18},s,0.15075567228888181,0.02590938733218683
1.257,"['s', 's', 's', 's', 's', 's', 's', 's', 's', 's', 's', 's', 's', 's', 's', 's', 's', 's']",{'s': 18},s,0.7071067811865476,0.12152576270033047
1.272,"['s', 's', 's', 's', 's', 's', 's', 's', 's', 's', 's', 's', 's', 's', 's', 's', 's', 's']",{'s': 18},s,0.4472135954999579,0.07685965520404417
1.287,"['s', 's', 's', 's', 's', 's', 's', 's', 's', 's', 's', 's', 's', 's', 's', 's', 's', 's']",{'s': 18},s,0.30151134457776363,0.05181877247328314
1.302,"['s', 's', 's', 's', 's', 's', 's', 's', 's', 's', 's', 's', 's', 's', 's', 's', 's', 's']",{'s': 18},s,0.3630677372311974,0.06239806338634247
1.317,"['s', 's', 's', 's', 's', 's', 's', 's', 's', 's', 's', 's', 's', 's', 's', 's', 's', 's']",{'s': 18},s,0.09534625892455922,0.016386535488421543
1.332,"['s', 's', 's', 's', 's', 's', 's', 's', 's', 's', 's', 's', 's', 's', 's', 's', 's', 's']",{'s': 18},s,0.13483997249264842,0.023174060597382366
1.347,"['s', 's', 's', 's', 's', 's', 's', 's', 's', 's', 's', 's', 's', 's', 's', 's', 's', 's']",{'s': 18},s,0.09534625892455922,0.016386535488421543
1.362,"['s', 's', 's', 's', 's', 's', 's', 's', 's', 's', 's', 's', 's', 's', 's', 's', 's', 's']",{'s': 18},s,0.27797972457128467,0.047774548057995
1.377,"['s', 's', 's', 's', 's', 's', 's', 's', 's', 's', 's', 's', 's', 's', 's', 's', 's', 's']",{'s': 18},s,0.4954336943068623,0.08514692359679024
1.392,"['s', 's', 's', 's', 's', 's', 's', 's', 's', 's', 's', 's', 's', 's', 's', 's', 's', 's']",{'s': 18},s,0.2522624895547565,0.04335469628573941
1.407,"['s', 's', 's', 's', 's', 's', 's', 's', 's', 's', 's', 's', 's', 's', 's', 's', 's', 's']",{'s': 18},s,0.13483997249264842,0.023174060597382366
1.422,"['s', 's', 's', 's', 's', 's', 's', 's', 's', 's', 's', 's', 's', 's', 's', 's', 's', 's']",{'s': 18},s,0.337099931231621,0.05793514806385683
1.437,"['s', 's', 's', 's', 's', 's', 's', 's', 's', 's', 's', 's', 's', 's', 's', 's', 's', 's']",{'s': 18},s,0.15075567228888181,0.02590938733218683
1.452,"['s', 's', 's', 's', 's', 's', 's', 's', 's', 's', 's', 's', 's', 's', 's', 's', 's', 's']",{'s': 18},s,0.4767312946227962,0.08193266635597021
1.467,"['s', 's', 's', 's', 's', 's', 's', 's', 's', 's', 's', 's', 's', 's', 's', 's', 's', 's']",{'s': 18},s,0.3630677372311974,0.06239806338634247
1.482,"['s', 's', 's', 's', 's', 's', 's', 's', 's', 's', 's', 's', 's', 's', 's', 's', 's', 's']",{'s': 18},s,0.26111648393354675,0.044876373987302313
1.497,"['s', 's', 's', 's', 's', 's', 's', 's', 's', 's', 's', 's', 's', 's', 's', 's', 's', 's']",{'s': 18},s,0.3872983346207417,0.06656241599678632
1.512,"['s', 's', 's', 's', 's', 's', 's', 's', 's', 's', 's', 's', 's', 's', 's', 's', 's', 's']",{'s': 18},s,0.621581560508061,0.10682711657472477
1.527,"['s', 's', 's', 's', 's', 's', 's', 's', 's', 's', 's', 's', 's', 's', 's', 's', 's', 's']",{'s': 18},s,0.9723448696087954,0.1671104313908621
1.541,"['s', 's', 's', 's', 's', 's', 's', 's', 's', 's', 's', 's', 's', 's', 's', 's', 's', 's']",{'s': 18},s,0.0,0.0
1.556,"['s', 's', 's', 's', 's', 's', 's', 's', 's', 's', 's', 's', 's', 's', 's', 's', 's', 's']",{'s': 18},s,0.4572645941803379,0.07858705370592574
1.571,"['s', 's', 's', 's', 's', 's', 's', 's', 's', 's', 's', 's', 's', 's', 's', 's', 's', 's']",{'s': 18},s,0.1651445647689541,0.028382311705947322
1.586,"['s', 's', 's', 's', 's', 's', 's', 's', 's', 's', 's', 's', 's', 's', 's', 's', 's', 's']",{'s': 18},s,0.13483997249264842,0.023174060597382366
1.631,"['t', 't', 't', 't', 't', 't', 't', 't', 't', 't', 't', 't', 't', 't', 't', 't', 't', 't']",{'t': 18},t,109.62690860782808,18.701678295755148
1.646,"['t', 't', 't', 't', 't', 't', 't', 't', 't', 't', 't', 't', 't', 't', 't', 't', 't', 't']",{'t': 18},t,138.72374444458768,23.561017875385456
1.661,"['t', 't', 't', 't', 't', 't', 't', 't', 't', 't', 't', 't', 't', 't', 't', 't', 't', 't']",{'t': 18},t,149.88016425252422,25.405962981989084
1.676,"['t', 't', 't', 't', 't', 't', 't', 't', 't', 't', 't', 't', 't', 't', 't', 't', 't', 't']",{'t': 18},t,101.55719391733722,17.34317839961556
1.901,"['i', 'i', 'i', 't', 't', 'i', 't', 't', 't', 'i', 'i', 't', 'i', 'i', 'i', 't', 't', 'i']","{'i': 10, 't': 8}",i,35.58274607421156,6.110575663161523
1.916,"['i', 'i', 't', 'i', 'i', 'i', 't', 't', 'i', 't', 't', 't', 't', 't', 't', 't', 't', 't']","{'i': 6, 't': 12}",t,30.734345608781066,5.2790181018944295
1.931,"['t', 't', 't', 't', 't', 't', 't', 't', 't', 'i', 'i', 't', 'i', 'i', 'i', 'i', 'i', 'i']","{'t': 10, 'i': 8}",t,29.774073529590382,5.114263193061741
1.946,"['i', 'i', 't', 'i', 'i', 'i', 'i', 'i', 'i', 'i', 'i', 't', 'i', 'i', 'i', 't', 'i', 't']","{'i': 14, 't': 4}",i,30.774029783096477,5.285826372982033
1.961,"['i', 'i', 't', 'i', 'i', 'i', 't', 'i', 't', 'i', 't', 'i', 'i', 't', 'i', 'i', 'i', 'i']","{'i': 13, 't': 5}",i,27.67949684251044,4.754834414293241
1.976,"['i', 't', 'i', 'i', 't', 'i', 'i', 'i', 'i', 't', 'i', 't', 'i', 'i', 'i', 'i', 't', 't']","{'i': 12, 't': 6}",i,21.386911885543455,3.6745858620453364
1.990,"['t', 'i', 't', 'i', 'i', 'i', 'i', 't', 't', 'i', 'i', 'i', 'i', 'i', 'i', 'i', 'i', 'i']","{'t': 4, 'i': 14}",i,20.13669197351848,3.4598910492824984
2.005,"['i', 'i', 'i', 'i', 'i', 'i', 'i', 'i', 'i', 'i', 'i', 't', 'i', 'i', 'i', 'i', 'i', 'i']","{'i': 17, 't': 1}",i,15.699449903507041,2.697749043296639
2.020,"['i', 'i', 't', 'i', 'i', 'i', 'i', 'i', 'i', 'i', 'i', 'i', 'i', 'i', 'i', 'i', 'i', 'i']","{'i': 17, 't': 1}",i,10.056883666967073,1.728302169104709
2.035,"['i', 'i', 'i', 'i', 'i', 'i', 'i', 'i', 'i', 'i', 'i', 'i', 'i', 'i', 'i', 'i', 'i', 'i']",{'i': 18},i,7.792478891387982,1.3391917593161267
2.080,"['i', 'i', 's', 's', 's', 's', 's', 's', 's', 's', 's', 's', 's', 's', 's', 's', 's', 's']","{'i': 2, 's': 16}",s,17.007885871506247,2.922509430638039
2.095,"['s', 's', 's', 's', 's', 's', 's', 's', 's', 's', 's', 's', 's', 's', 's', 's', 's', 's']",{'s': 18},s,0.5640760748177662,0.09694403273526205
2.110,"['s', 's', 's', 's', 's', 's', 's', 's', 's', 's', 's', 's', 's', 's', 's', 's', 's', 's']",{'s': 18},s,1.1946852000726917,0.20532252058479297
2.125,"['s', 's', 's', 's', 's', 's', 's', 's', 's', 's', 's', 's', 's', 's', 's', 's', 's', 's']",{'s': 18},s,0.6708203932499369,0.11528946493155506
2.140,"['s', 's', 's', 's', 's', 's', 's', 's', 's', 's', 's', 's', 's', 's', 's', 's', 's', 's']",{'s': 18},s,0.6067798762169179,0.10428325005287102
2.155,"['s', 's', 's', 's', 's', 's', 's', 's', 's', 's', 's', 's', 's', 's', 's', 's', 's', 's']",{'s': 18},s,0.37537859676477414,0.06451384945789039
2.170,"['s', 's', 's', 's', 's', 's', 's', 's', 's', 's', 's', 's', 's', 's', 's', 's', 's', 's']",{'s': 18},s,0.5134553180524705,0.08824418029295057
2.185,"['s', 's', 's', 's', 's', 's', 's', 's', 's', 's', 's', 's', 's', 's', 's', 's', 's', 's']",{'s': 18},s,0.11677484162422844,0.02006932524274683
2.200,"['s', 's', 's', 's', 's', 's', 's', 's', 's', 's', 's', 's', 's', 's', 's', 's', 's', 's']",{'s': 18},s,0.3233348953414316,0.05556944219177792
2.215,"['s', 's', 's', 's', 's', 's', 's', 's', 's', 's', 's', 's', 's', 's', 's', 's', 's', 's']",{'s': 18},s,0.09534625892455922,0.016386535488421543
2.230,"['s', 's', 's', 's', 's', 's', 's', 's', 's', 's', 's', 's', 's', 's', 's', 's', 's', 's']",{'s': 18},s,0.15075567228888181,0.02590938733218683
2.245,"['s', 's', 's', 's', 's', 's', 's', 's', 's', 's', 's', 's', 's', 's', 's', 's', 's', 's']",{'s': 18},s,0.42103767916034224,0.07236097388342858
2.260,"['s', 's', 's', 's', 's', 's', 's', 's', 's', 's', 's', 's', 's', 's', 's', 's', 's', 's']",{'s': 18},s,0.1651445647689541,0.028382311705947322
2.275,"['s', 's', 's', 's', 's', 's', 's', 's', 's', 's', 's', 's', 's', 's', 's', 's', 's', 's']",{'s': 18},s,0.19069251784911845,0.032773070422536126
2.290,"['s', 's', 's', 's', 's', 's', 's', 's', 's', 's', 's', 's', 's', 's', 's', 's', 's', 's']",{'s': 18},s,0.28603877677367767,0.04915960424803688
2.305,"['s', 's', 's', 's', 's', 's', 's', 's', 's', 's', 's', 's', 's', 's', 's', 's', 's', 's']",{'s': 18},s,0.11677484162422844,0.02006932524274683
2.320,"['s', 's', 's', 's', 's', 's', 's', 's', 's', 's', 's', 's', 's', 's', 's', 's', 's', 's']",{'s': 18},s,0.5178627406773132,0.08900165471037264
2.335,"['s', 's', 's', 's', 's', 's', 's', 's', 's', 's', 's', 's', 's', 's', 's', 's', 's', 's']",{'s': 18},s,0.5916079783099616,0.10167575730373313
2.350,"['s', 's', 's', 's', 's', 's', 's', 's', 's', 's', 's', 's', 's', 's', 's', 's', 's', 's']",{'s': 18},s,0.06741998624632421,0.011587030396679738
2.365,"['s', 's', 's', 's', 's', 's', 's', 's', 's', 's', 's', 's', 's', 's', 's', 's', 's', 's']",{'s': 18},s,0.06741998624632421,0.011587030396679738
2.380,"['s', 's', 's', 's', 's', 's', 's', 's', 's', 's', 's', 's', 's', 's', 's', 's', 's', 's']",{'s': 18},s,0.27797972457128467,0.047774548057995
2.395,"['s', 's', 's', 's', 's', 's', 's', 's', 's', 's', 's', 's', 's', 's', 's', 's', 's', 's']",{'s': 18},s,0.0,0.0
2.410,"['s', 's', 's', 's', 's', 's', 's', 's', 's', 's', 's', 's', 's', 's', 's', 's', 's', 's']",{'s': 18},s,0.27797972457128467,0.047774548057995
2.424,"['s', 's', 's', 's', 's', 's', 's', 's', 's', 's', 's', 's', 's', 's', 's', 's', 's', 's']",{'s': 18},s,0.11677484162422844,0.02006932524274683
2.439,"['s', 's', 's', 's', 's', 's', 's', 's', 's', 's', 's', 's', 's', 's', 's', 's', 's', 's']",{'s': 18},s,0.17837651700316892,0.03065640034485399
2.454,"['s', 's', 's', 's', 's', 's', 's', 's', 's', 's', 's', 's', 's', 's', 's', 's', 's', 's']",{'s': 18},s,0.6431456783935997,0.11053319719149705
2.469,"['s', 's', 's', 's', 's', 's', 's', 's', 's', 's', 's', 's', 's', 's', 's', 's', 's', 's']",{'s': 18},s,0.17837651700316892,0.03065640034485399
2.484,"['s', 's', 's', 's', 's', 's', 's', 's', 's', 's', 's', 's', 's', 's', 's', 's', 's', 's']",{'s': 18},s,0.0,0.0
2.499,"['s', 's', 's', 's', 's', 's', 's', 's', 's', 's', 's', 's', 's', 's', 's', 's', 's', 's']",{'s': 18},s,0.27797972457128467,0.047774548057995
2.514,"['s', 's', 's', 's', 's', 's', 's', 's', 's', 's', 's', 's', 's', 's', 's', 's', 's', 's']",{'s': 18},s,0.13483997249264842,0.023174060597382366
2.529,"['s', 's', 's', 's', 's', 's', 's', 's', 's', 's', 's', 's', 's', 's', 's', 's', 's', 's']",{'s': 18},s,0.6875516509523286,0.11816495388554302
2.544,"['s', 's', 's', 's', 's', 's', 's', 's', 's', 's', 's', 's', 's', 's', 's', 's', 's', 's']",{'s': 18},s,0.17837651700316892,0.03065640034485399
2.559,"['s', 's', 's', 's', 's', 's', 's', 's', 's', 's', 's', 's', 's', 's', 's', 's', 's', 's']",{'s': 18},s,0.5518563713009523,0.09484391372967732
2.574,"['s', 's', 's', 's', 's', 's', 's', 's', 's', 's', 's', 's', 's', 's', 's', 's', 's', 's']",{'s': 18},s,0.09534625892455922,0.016386535488421543
2.589,"['s', 's', 's', 's', 's', 's', 's', 's', 's', 's', 's', 's', 's', 's', 's', 's', 's', 's']",{'s': 18},s,0.30151134457776363,0.05181877247328314
2.604,"['s', 's', 's', 's', 's', 's', 's', 's', 's', 's', 's', 's', 's', 's', 's', 's', 's', 's']",{'s': 18},s,0.09534625892455922,0.016386535488421543
2.619,"['s', 's', 's', 's', 's', 's', 's', 's', 's', 's', 's', 's', 's', 's', 's', 's', 's', 's']",{'s': 18},s,0.5265669257299848,0.09049758509409012
2.634,"['s', 's', 's', 's', 's', 's', 's', 's', 's', 's', 's', 's', 't', 't', 't', 't', 't', 't']","{'s': 12, 't': 6}",s,118.23457039446474,20.145847261733405
2.649,"['s', 's', 's', 't', 't', 't', 't', 't', 't', 't', 't', 't', 't', 't', 't', 't', 't', 't']","{'s': 3, 't': 15}",t,143.3820706428045,24.33269287184845
2.664,"['t', 't', 't', 't', 't', 't', 't', 't', 't', 't', 't', 't', 't', 't', 't', 't', 't', 't']",{'t': 18},t,127.82482686722624,21.74848328926272
2.679,"['t', 't', 't', 't', 't', 't', 't', 't', 't', 't', 't', 't', 't', 't', 't', 't', 't', 't']",{'t': 18},t,160.6466195213468,27.17572612601627
2.694,"['t', 't', 't', 't', 't', 't', 't', 't', 't', 't', 't', 't', 't', 't', 't', 't', 't', 't']",{'t': 18},t,138.28948556626358,23.488986314603817
2.829,"['t', 't', 't', 't', 'i', 'i', 'i', 'i', 't', 't', 't', 't', 't', 'i', 'i', 'i', 'i', 'i']","{'t': 9, 'i': 9}",i,41.168059110299225,7.067856909515825
2.844,"['t', 't', 't', 't', 'i', 'i', 'i', 'i', 'i', 't', 't', 't', 't', 't', 't', 't', 'i', 'i']","{'t': 11, 'i': 7}",t,34.06924766359886,5.851046783459998
2.859,"['t', 't', 't', 't', 't', 't', 't', 'i', 'i', 'i', 'i', 'i', 'i', 'i', 'i', 't', 'i', 't']","{'t': 9, 'i': 9}",i,23.668160430878824,4.0662788141141535
2.873,"['i', 'i', 'i', 'i', 'i', 'i', 't', 'i', 't', 't', 'i', 't', 't', 't', 't', 'i', 'i', 'i']","{'i': 11, 't': 7}",i,45.84088092125154,7.868120212024421
2.903,"['s', 's', 's', 's', 's', 's', 's', 's', 's', 's', 's', 's', 's', 's', 's', 's', 's', 's']",{'s': 18},s,1.3568010505999362,0.23318422305916273
2.918,"['s', 's', 's', 's', 's', 's', 's', 's', 's', 's', 's', 's', 's', 's', 's', 's', 's', 's']",{'s': 18},s,1.5150757556817234,0.2603857531054066
2.933,"['s', 's', 's', 's', 's', 's', 's', 's', 's', 's', 's', 's', 's', 's', 's', 's', 's', 's']",{'s': 18},s,1.1220922016888404,0.1928464696766753
2.948,"['s', 's', 's', 's', 's', 's', 's', 's', 's', 's', 's', 's', 's', 's', 's', 's', 's', 's']",{'s': 18},s,0.3931226965534482,0.0675634105621185
2.963,"['s', 's', 's', 's', 's', 's', 's', 's', 's', 's', 's', 's', 's', 's', 's', 's', 's', 's']",{'s': 18},s,0.6105139414683933,0.10492499889149615
2.978,"['s', 's', 's', 's', 's', 's', 's', 's', 's', 's', 's', 's', 's', 's', 's', 's', 's', 's']",{'s': 18},s,0.15075567228888181,0.02590938733218683
2.993,"['s', 's', 's', 's', 's', 's', 's', 's', 's', 's', 's', 's', 's', 's', 's', 's', 's', 's']",{'s': 18},s,0.1651445647689541,0.028382311705947322
3.008,"['s', 's', 's', 's', 's', 's', 's', 's', 's', 's', 's', 's', 's', 's', 's', 's', 's', 's']",{'s': 18},s,0.28603877677367767,0.04915960424803688
3.023,"['s', 's', 's', 's', 's', 's', 's', 's', 's', 's', 's', 's', 's', 's', 's', 's', 's', 's']",{'s': 18},s,0.13483997249264842,0.023174060597382366
3.038,"['s', 's', 's', 's', 's', 's', 's', 's', 's', 's', 's', 's', 's', 's', 's', 's', 's', 's']",{'s': 18},s,0.06741998624632421,0.011587030396679738
3.053,"['s', 's', 's', 's', 's', 's', 's', 's', 's', 's', 's', 's', 's', 's', 's', 's', 's', 's']",{'s': 18},s,0.31622776601683794,0.054347986764890575
3.068,"['s', 's', 's', 's', 's', 's', 's', 's', 's', 's', 's', 's', 's', 's', 's', 's', 's', 's']",{'s': 18},s,0.13483997249264842,0.023174060597382366
3.083,"['s', 's', 's', 's', 's', 's', 's', 's', 's', 's', 's', 's', 's', 's', 's', 's', 's', 's']",{'s': 18},s,0.13483997249264842,0.023174060597382366
3.098,"['s', 's', 's', 's', 's', 's', 's', 's', 's', 's', 's', 's', 's', 's', 's', 's', 's', 's']",{'s': 18},s,0.06741998624632421,0.011587030396679738
3.113,"['s', 's', 's', 's', 's', 's', 's', 's', 's', 's', 's', 's', 's', 's', 's', 's', 's', 's']",{'s': 18},s,0.11677484162422844,0.02006932524274683
3.128,"['s', 's', 's', 's', 's', 's', 's', 's', 's', 's', 's', 's', 's', 's', 's', 's', 's', 's']",{'s': 18},s,0.09534625892455922,0.016386535488421543
3.143,"['s', 's', 's', 's', 's', 's', 's', 's', 's', 's', 's', 's', 's', 's', 's', 's', 's', 's']",{'s': 18},s,0.21320071635561044,0.036641406441511266
3.158,"['s', 's', 's', 's', 's', 's', 's', 's', 's', 's', 's', 's', 's', 's', 's', 's', 's', 's']",{'s': 18},s,0.15075567228888181,0.02590938733218683
3.173,"['s', 's', 's', 's', 's', 's', 's', 's', 's', 's', 's', 's', 's', 's', 's', 's', 's', 's']",{'s': 18},s,0.4622081388685877,0.07943666794342533
3.188,"['s', 's', 's', 's', 's', 's', 's', 's', 's', 's', 's', 's', 's', 's', 's', 's', 's', 's']",{'s': 18},s,0.26111648393354675,0.044876373987302313
3.203,"['s', 's', 's', 's', 's', 's', 's', 's', 's', 's', 's', 's', 's', 's', 's', 's', 's', 's']",{'s': 18},s,0.11677484162422844,0.02006932524274683
3.218,"['s', 's', 's', 's', 's', 's', 's', 's', 's', 's', 's', 's', 't', 't', 't', 't', 't', 't']","{'s': 12, 't': 6}",s,72.10484790157379,12.352384883815196
3.233,"['s', 's', 's', 't', 't', 't', 't', 't', 't', 't', 't', 't', 't', 't', 't', 't', 't', 't']","{'s': 3, 't': 15}",t,95.48241151694332,16.317779603157604
3.248,"['t', 't', 't', 't', 't', 't', 't', 't', 't', 't', 't', 't', 't', 't', 't', 't', 't', 't']",{'t': 18},t,94.66894470157091,16.18029949530529
3.263,"['t', 't', 't', 't', 't', 't', 't', 't', 't', 't', 't', 't', 't', 't', 't', 't', 't', 't']",{'t': 18},t,87.54822047929306,14.975223093838395
3.278,"['t', 't', 't', 't', 't', 't', 't', 't', 't', 't', 't', 't', 't', 't', 't', 't', 't', 't']",{'t': 18},t,119.04998950020953,20.282381086679095
3.667,"['i', 't', 'i', 't', 't', 't', 'i', 'i', 'i', 'i', 'i', 'i', 'i', 't', 'i', 'i', 'i', 't']","{'i': 12, 't': 6}",i,38.12813325425919,6.546930552871247
3.682,"['i', 'i', 'i', 'i', 't', 'i', 'i', 'i', 't', 'i', 'i', 'i', 'i', 'i', 'i', 't', 't', 't']","{'i': 13, 't': 5}",i,40.569356998512156,6.965280996098422
3.697,"['i', 'i', 'i', 'i', 'i', 'i', 't', 't', 't', 't', 't', 'i', 't', 'i', 't', 't', 't', 't']","{'i': 8, 't': 10}",t,38.91178835169713,6.681241083220003
3.712,"['t', 't', 'i', 't', 'i', 't', 't', 't', 't', 't', 't', 't', 't', 't', 't', 'i', 'i', 'i']","{'t': 13, 'i': 5}",t,36.468853460552786,6.262497970347656
3.727,"['t', 't', 't', 't', 't', 't', 'i', 'i', 'i', 't', 't', 't', 'i', 'i', 'i', 'i', 'i', 'i']","{'t': 9, 'i': 9}",i,37.09606693192934,6.370022144935327
3.741,"['t', 't', 't', 'i', 'i', 'i', 'i', 'i', 'i', 't', 't', 't', 't', 't', 't', 't', 't', 't']","{'t': 12, 'i': 6}",t,36.31415952239817,6.235977137646717
3.756,"['t', 't', 't', 't', 't', 't', 't', 't', 't', 't', 't', 'i', 'i', 'i', 'i', 'i', 't', 'i']","{'t': 12, 'i': 6}",t,33.07615180431088,5.680727353212278
3.771,"['t', 't', 'i', 'i', 'i', 'i', 'i', 't', 'i', 'i', 'i', 'i', 't', 't', 'i', 't', 't', 't']","{'t': 8, 'i': 10}",i,34.53061882393126,5.930166307582961
3.786,"['i', 'i', 'i', 't', 't', 'i', 't', 't', 't', 'i', 'i', 'i', 't', 'i', 'i', 'i', 'i', 'i']","{'i': 12, 't': 6}",i,35.74009716627174,6.137554678301496
3.801,"['i', 'i', 'i', 't', 'i', 'i', 'i', 'i', 'i', 'i', 'i', 'i', 'i', 'i', 'i', 't', 't', 't']","{'i': 14, 't': 4}",i,36.80476747774545,6.320085376603591
3.816,"['i', 'i', 'i', 'i', 'i', 'i', 't', 't', 't', 'i', 'i', 'i', 'i', 'i', 'i', 'i', 'i', 'i']","{'i': 15, 't': 3}",i,36.90331347527679,6.336979104704679
3.831,"['i', 'i', 'i', 'i', 'i', 'i', 'i', 'i', 'i', 't', 'i', 'i', 'i', 'i', 'i', 't', 't', 't']","{'i': 14, 't': 4}",i,30.97865834291848,5.320932236232756
3.846,"['t', 'i', 'i', 'i', 'i', 'i', 't', 't', 't', 't', 'i', 'i', 'i', 'i', 'i', 'i', 'i', 'i']","{'t': 5, 'i': 13}",i,34.4104238963613,5.90955479309616
3.861,"['t', 'i', 'i', 'i', 'i', 'i', 'i', 'i', 'i', 'i', 'i', 'i', 'i', 'i', 'i', 'i', 'i', 'i']","{'t': 1, 'i': 17}",i,33.50149250406614,5.753677361438695
3.876,"['i', 'i', 'i', 'i', 'i', 'i', 'i', 'i', 'i', 'i', 'i', 'i', 'i', 'i', 'i', 'i', 'i', 'i']",{'i': 18},i,30.870182730560277,5.30232237553486
3.891,"['i', 'i', 'i', 'i', 'i', 'i', 'i', 'i', 'i', 'i', 'i', 'i', 'i', 'i', 'i', 't', 't', 'i']","{'i': 16, 't': 2}",i,32.69389712302449,5.61516375279881
3.906,"['i', 'i', 'i', 'i', 'i', 'i', 't', 't', 'i', 't', 'i', 'i', 'i', 'i', 'i', 't', 't', 'i']","{'i': 13, 't': 5}",i,26.284976697726023,4.515491801928732
3.921,"['t', 'i', 'i', 'i', 'i', 'i', 't', 't', 'i', 'i', 'i', 'i', 'i', 'i', 'i', 'i', 'i', 'i']","{'t': 3, 'i': 15}",i,28.590923543861066,4.911244852842106
3.936,"['i', 'i', 'i', 'i', 'i', 'i', 'i', 'i', 'i', 'i', 'i', 'i', 'i', 'i', 'i', 'i', 'i', 'i']",{'i': 18},i,34.341136212473174,5.897672915473524
3.951,"['i', 'i', 'i', 'i', 'i', 'i', 'i', 'i', 'i', 't', 't', 't', 'i', 'i', 'i', 'i', 'i', 'i']","{'i': 15, 't': 3}",i,31.754527236285536,5.4540319344902635
3.966,"['t', 't', 't', 'i', 'i', 'i', 'i', 'i', 'i', 'i', 'i', 'i', 'i', 't', 'i', 'i', 'i', 'i']","{'t': 4, 'i': 14}",i,27.643345409963416,4.748630141242073
3.981,"['i', 'i', 'i', 'i', 't', 'i', 'i', 'i', 'i', 'i', 'i', 'i', 't', 't', 'i', 'i', 'i', 'i']","{'i': 15, 't': 3}",i,34.27383046210993,5.886130811328391
3.996,"['i', 'i', 'i', 't', 't', 'i', 'i', 'i', 'i', 'i', 'i', 'i', 'i', 'i', 'i', 'i', 'i', 'i']","{'i': 16, 't': 2}",i,28.032854101766183,4.8154760167209565
4.011,"['i', 'i', 'i', 'i', 'i', 'i', 'i', 'i', 'i', 'i', 'i', 'i', 'i', 'i', 'i', 'i', 'i', 'i']",{'i': 18},i,28.116882666986587,4.829896297897031
4.026,"['i', 'i', 'i', 'i', 'i', 'i', 'i', 'i', 'i', 't', 'i', 'i', 'i', 'i', 'i', 't', 'i', 'i']","{'i': 16, 't': 2}",i,26.931309929995134,4.626426655595233
4.041,"['t', 'i', 'i', 'i', 'i', 'i', 't', 'i', 'i', 't', 't', 'i', 't', 'i', 'i', 'i', 'i', 'i']","{'t': 5, 'i': 13}",i,21.459263733874934,3.687009887743692
4.056,"['t', 't', 'i', 't', 'i', 'i', 'i', 'i', 'i', 'i', 'i', 'i', 'i', 'i', 'i', 'i', 'i', 'i']","{'t': 3, 'i': 15}",i,32.80798129058898,5.63473157416665
4.071,"['i', 'i', 'i', 'i', 'i', 'i', 'i', 'i', 'i', 'i', 'i', 'i', 'i', 'i', 'i', 'i', 'i', 'i']",{'i': 18},i,32.77325683596862,5.628775632554796
4.086,"['i', 'i', 'i', 'i', 'i', 'i', 'i', 'i', 'i', 't', 't', 'i', 'i', 'i', 'i', 'i', 'i', 'i']","{'i': 16, 't': 2}",i,31.47726452248006,5.406469118826805
4.101,"['t', 't', 'i', 'i', 'i', 'i', 'i', 'i', 'i', 'i', 'i', 'i', 'i', 'i', 'i', 'i', 'i', 'i']","{'t': 2, 'i': 16}",i,28.33805664729772,4.8678517241170995
4.116,"['i', 'i', 'i', 'i', 'i', 'i', 'i', 'i', 'i', 'i', 'i', 'i', 'i', 'i', 'i', 'i', 'i', 'i']",{'i': 18},i,21.1921941032327,3.6411491988651443
4.131,"['i', 'i', 'i', 'i', 'i', 'i', 'i', 'i', 'i', 'i', 'i', 'i', 'i', 'i', 'i', 'i', 'i', 'i']",{'i': 18},i,27.498264408041198,4.723731251711104
4.146,"['i', 'i', 'i', 'i', 'i', 'i', 'i', 'i', 'i', 'i', 'i', 'i', 'i', 'i', 'i', 'i', 'i', 'i']",{'i': 18},i,28.88291410631426,4.961350331412539
4.161,"['i', 'i', 'i', 'i', 'i', 'i', 'i', 'i', 'i', 'i', 'i', 'i', 'i', 'i', 'i', 'i', 'i', 'i']",{'i': 18},i,23.617886134337795,4.0576474804873826
4.176,"['i', 'i', 'i', 'i', 'i', 'i', 'i', 'i', 'i', 'i', 'i', 'i', 'i', 't', 'i', 't', 't', 'i']","{'i': 15, 't': 3}",i,29.082250131777506,4.995555422120212
4.190,"['i', 'i', 'i', 'i', 't', 'i', 't', 't', 'i', 'i', 'i', 'i', 'i', 'i', 'i', 'i', 'i', 'i']","{'i': 15, 't': 3}",i,28.6260370991166,4.9172704092687605
4.205,"['i', 'i', 'i', 'i', 'i', 'i', 'i', 'i', 'i', 'i', 'i', 'i', 'i', 'i', 'i', 'i', 'i', 'i']",{'i': 18},i,24.025554576893178,4.127636858426443
4.220,"['i', 'i', 'i', 'i', 'i', 'i', 'i', 'i', 'i', 'i', 'i', 'i', 'i', 'i', 'i', 'i', 'i', 'i']",{'i': 18},i,20.64857468116471,3.547796935898461
4.235,"['i', 'i', 'i', 'i', 'i', 'i', 'i', 'i', 'i', 'i', 'i', 'i', 'i', 'i', 'i', 'i', 'i', 'i']",{'i': 18},i,21.10945501212883,3.626941203079935
4.250,"['i', 'i', 'i', 'i', 'i', 'i', 'i', 'i', 'i', 'i', 'i', 'i', 'i', 'i', 'i', 'i', 'i', 'i']",{'i': 18},i,18.720916838465133,3.2167419484990063
4.265,"['i', 'i', 'i', 'i', 'i', 'i', 'i', 'i', 'i', 'i', 'i', 'i', 'i', 'i', 'i', 'i', 'i', 'i']",{'i': 18},i,22.850402821195715,3.9258775595890647
4.280,"['i', 'i', 'i', 'i', 'i', 'i', 'i', 'i', 'i', 'i', 'i', 'i', 'i', 'i', 'i', 'i', 'i', 'i']",{'i': 18},i,16.576955527039775,2.8484871045555993
4.295,"['i', 'i', 'i', 'i', 'i', 'i', 'i', 'i', 'i', 'i', 'i', 'i', 'i', 'i', 'i', 'i', 'i', 'i']",{'i': 18},i,22.85318756362407,3.926355690308784
4.310,"['i', 'i', 'i', 'i', 'i', 'i', 'i', 'i', 'i', 'i', 'i', 'i', 'i', 'i', 'i', 'i', 'i', 'i']",{'i': 18},i,26.078639813944566,4.480075223829769
4.325,"['i', 'i', 'i', 'i', 'i', 'i', 'i', 'i', 'i', 'i', 'i', 'i', 'i', 'i', 'i', 'i', 'i', 'i']",{'i': 18},i,43.64786780171929,7.492622114147006
4.340,"['i', 'i', 'i', 'i', 'i', 'i', 'i', 'i', 'i', 'i', 'i', 'i', 'i', 'i', 'i', 'i', 'i', 'i']",{'i': 18},i,32.79571756966283,5.632628102519519
4.355,"['i', 'i', 'i', 'i', 'i', 'i', 'i', 'i', 'i', 'i', 'i', 'i', 'i', 'i', 'i', 'i', 'i', 'i']",{'i': 18},i,48.00416648583746,8.238390833095211
4.370,"['i', 'i', 'i', 'i', 'i', 'i', 'i', 'i', 'i', 'i', 'i', 'i', 'i', 'i', 'i', 'i', 'i', 'i']",{'i': 18},i,29.208964999870098,5.017298692997579
4.385,"['i', 'i', 'i', 'i', 'i', 'i', 'i', 'i', 'i', 'i', 'i', 'i', 'i', 'i', 'i', 'i', 'i', 'i']",{'i': 18},i,22.267485468523585,3.8257901800254293
4.400,"['i', 'i', 'i', 'i', 'i', 'i', 'i', 'i', 'i', 'i', 'i', 'i', 'i', 'i', 'i', 'i', 'i', 'i']",{'i': 18},i,22.930230145933,3.939583592405736
4.415,"['i', 'i', 'i', 'i', 'i', 'i', 'i', 'i', 'i', 'i', 'i', 'i', 'i', 'i', 'i', 'i', 'i', 'i']",{'i': 18},i,26.142181170737004,4.4909818199884155
4.430,"['i', 'i', 'i', 'i', 'i', 'i', 'i', 'i', 'i', 'i', 'i', 'i', 'i', 'i', 'i', 'i', 'i', 'i']",{'i': 18},i,28.759030202387184,4.940092087768372
4.445,"['i', 'i', 'i', 'i', 'i', 'i', 'i', 'i', 'i', 'i', 'i', 'i', 'i', 'i', 'i', 'i', 'i', 'i']",{'i': 18},i,27.941497324361,4.79979798559437
4.460,"['i', 'i', 'i', 'i', 'i', 'i', 'i', 'i', 'i', 'i', 'i', 'i', 'i', 'i', 'i', 'i', 'i', 'i']",{'i': 18},i,17.601394572848225,3.024455062441694
4.475,"['i', 'i', 'i', 'i', 'i', 'i', 'i', 'i', 'i', 'i', 'i', 'i', 'i', 'i', 'i', 'i', 'i', 'i']",{'i': 18},i,14.66241329510131,2.5195967961166357
4.490,"['i', 'i', 'i', 'i', 'i', 'i', 'i', 'i', 'i', 'i', 'i', 'i', 'i', 'i', 'i', 'i', 'i', 'i']",{'i': 18},i,17.187204542915058,2.953310998306621
4.505,"['i', 'i', 'i', 'i', 'i', 'i', 'i', 'i', 'i', 'i', 'i', 'i', 'i', 'i', 'i', 'i', 'i', 'i']",{'i': 18},i,23.43938022761151,4.027000418334834
4.520,"['i', 'i', 'i', 'i', 'i', 'i', 'i', 'i', 'i', 'i', 'i', 'i', 'i', 'i', 'i', 'i', 'i', 'i']",{'i': 18},i,17.41446629568751,2.9923472410291776
4.535,"['i', 'i', 'i', 'i', 'i', 'i', 'i', 'i', 'i', 'i', 'i', 'i', 'i', 'i', 'i', 'i', 'i', 'i']",{'i': 18},i,29.478189163577134,5.063494438743241
4.550,"['i', 'i', 'i', 'i', 'i', 'i', 'i', 'i', 'i', 'i', 'i', 'i', 'i', 'i', 'i', 'i', 'i', 'i']",{'i': 18},i,25.56222354818283,4.3914321502100355
4.565,"['i', 'i', 'i', 'i', 'i', 'i', 'i', 'i', 'i', 'i', 'i', 'i', 'i', 'i', 'i', 'i', 'i', 'i']",{'i': 18},i,18.06088188725718,3.1033774331565174
4.580,"['i', 'i', 'i', 'i', 'i', 'i', 'i', 'i', 'i', 'i', 'i', 'i', 'i', 'i', 'i', 'i', 'i', 'i']",{'i': 18},i,22.05767234072782,3.78976390740196
4.595,"['i', 'i', 'i', 'i', 'i', 'i', 'i', 'i', 'i', 'i', 'i', 'i', 'i', 'i', 'i', 'i', 'i', 'i']",{'i': 18},i,20.97335972565717,3.603570655605084
4.610,"['i', 'i', 'i', 'i', 'i', 'i', 'i', 'i', 'i', 'i', 'i', 'i', 'i', 'i', 'i', 'i', 'i', 'i']",{'i': 18},i,18.478365728602732,3.1750831005148203
4.624,"['i', 'i', 'i', 'i', 'i', 'i', 'i', 'i', 'i', 'i', 'i', 'i', 'i', 'i', 'i', 'i', 'i', 'i']",{'i': 18},i,13.442470011125186,2.3100102108787475
4.639,"['i', 'i', 'i', 'i', 'i', 'i', 'i', 'i', 'i', 'i', 'i', 'i', 'i', 'i', 'i', 'i', 'i', 'i']",{'i': 18},i,11.352012236523612,1.950839911252291
4.654,"['i', 'i', 'i', 'i', 'i', 'i', 'i', 'i', 'i', 'i', 'i', 'i', 'i', 'i', 'i', 'i', 'i', 'i']",{'i': 18},i,9.915094094817805,1.7039382467070696
4.669,"['i', 'i', 'i', 'i', 'i', 'i', 'i', 'i', 'i', 'i', 'i', 'i', 'i', 'i', 'i', 'i', 'i', 'i']",{'i': 18},i,14.85857573010525,2.5532962839738995
4.684,"['i', 'i', 'i', 'i', 'i', 'i', 'i', 'i', 'i', 'i', 'i', 'i', 'i', 'i', 'i', 'i', 'i', 'i']",{'i': 18},i,15.75696094371685,2.707628540580988
4.699,"['i', 'i', 'i', 'i', 'i', 'i', 'i', 'i', 'i', 'i', 'i', 'i', 'i', 'i', 'i', 'i', 'i', 'i']",{'i': 18},i,10.039467570091011,1.7253095410563384
4.714,"['i', 'i', 'i', 'i', 'i', 'i', 'i', 'i', 'i', 'i', 'i', 'i', 'i', 'i', 'i', 'i', 'i', 'i']",{'i': 18},i,12.391712773242666,2.1294795402844717
4.729,"['i', 'i', 'i', 'i', 'i', 'i', 'i', 'i', 'i', 'i', 'i', 'i', 'i', 'i', 'i', 'i', 'i', 'i']",{'i': 18},i,15.69452712948631,2.6969033861642457
4.744,"['i', 'i', 'i', 'i', 'i', 'i', 'i', 'i', 'i', 'i', 'i', 'i', 'i', 'i', 'i', 'i', 'i', 'i']",{'i': 18},i,15.248844963710292,2.6203410226441646
4.759,"['i', 'i', 'i', 'i', 'i', 'i', 'i', 'i', 'i', 'i', 'i', 'i', 'i', 'i', 'i', 'i', 'i', 'i']",{'i': 18},i,9.034026586391937,1.552540262861645
4.774,"['i', 'i', 'i', 'i', 'i', 'i', 'i', 'i', 'i', 'i', 'i', 'i', 'i', 'i', 'i', 'i', 'i', 'i']",{'i': 18},i,8.533889659895582,1.4665973537815375
4.789,"['i', 'i', 'i', 'i', 'i', 'i', 'i', 'i', 'i', 'i', 'i', 'i', 's', 'i', 's', 'i', 'i', 'i']","{'i': 16, 's': 2}",i,6.458961357538983,1.1100305673936193
4.804,"['i', 'i', 'i', 's', 'i', 's', 'i', 'i', 'i', 'i', 'i', 'i', 'i', 'i', 'i', 'i', 'i', 's']","{'i': 15, 's': 3}",i,6.163676588766569,1.0592856740960315
4.819,"['i', 'i', 'i', 'i', 'i', 'i', 'i', 'i', 's', 's', 's', 's', 's', 's', 's', 's', 's', 's']","{'i': 8, 's': 10}",s,6.919012015651315,1.1890898699155081
4.834,"['s', 's', 's', 's', 's', 's', 's', 's', 's', 'i', 'i', 'i', 's', 'i', 's', 's', 's', 's']","{'s': 14, 'i': 4}",s,5.2906435422270786,0.9092523894052872
4.849,"['i', 'i', 'i', 's', 'i', 's', 's', 's', 's', 's', 's', 's', 's', 's', 's', 's', 's', 's']","{'i': 4, 's': 14}",s,2.4420557658735733,0.4196985403613186
4.864,"['s', 's', 's', 's', 's', 's', 's', 's', 's', 's', 's', 's', 's', 's', 's', 's', 's', 's']",{'s': 18},s,6.418722614352485,1.103115532160617
4.879,"['s', 's', 's', 's', 's', 's', 's', 's', 's', 's', 's', 's', 's', 's', 's', 's', 's', 's']",{'s': 18},s,10.881594134550824,1.8700108291260753
4.894,"['s', 's', 's', 's', 's', 's', 's', 's', 's', 's', 's', 's', 's', 's', 's', 's', 's', 's']",{'s': 18},s,1.503027248286241,0.25831506400990645
4.909,"['s', 's', 's', 's', 's', 's', 's', 's', 's', 's', 's', 's', 's', 's', 's', 's', 's', 's']",{'s': 18},s,2.46429041972071,0.42351982156387696
4.924,"['s', 's', 's', 's', 's', 's', 's', 's', 's', 's', 's', 's', 's', 's', 's', 's', 's', 's']",{'s': 18},s,1.2862913567871994,0.2210662242585309
4.939,"['s', 's', 's', 's', 's', 's', 's', 's', 's', 's', 's', 's', 's', 's', 's', 's', 's', 's']",{'s': 18},s,3.0533141457647743,0.5247500235814087
4.954,"['s', 's', 's', 's', 's', 's', 's', 's', 's', 's', 's', 's', 's', 's', 's', 's', 's', 's']",{'s': 18},s,1.5060484116328459,0.2588342893338943
4.969,"['s', 's', 's', 's', 's', 's', 's', 's', 's', 's', 's', 's', 's', 's', 's', 's', 's', 's']",{'s': 18},s,3.8694608503934074,0.6650126586892217
4.984,"['s', 's', 's', 's', 's', 's', 's', 's', 's', 's', 's', 's', 's', 's', 's', 's', 's', 's']",{'s': 18},s,2.5584085962673253,0.4396951048674879
4.999,"['s', 's', 's', 's', 's', 's', 's', 's', 's', 's', 's', 's', 's', 's', 's', 's', 's', 's']",{'s': 18},s,2.2217928878191224,0.3818437887834932
5.014,"['s', 's', 's', 's', 's', 's', 's', 's', 's', 's', 's', 's', 's', 's', 's', 's', 's', 's']",{'s': 18},s,3.658737984109225,0.6287980579201037
5.029,"['s', 's', 's', 's', 's', 's', 's', 's', 's', 's', 's', 's', 's', 's', 's', 's', 's', 's']",{'s': 18},s,0.4472135954999579,0.07685965520404417
5.044,"['s', 's', 's', 's', 's', 's', 's', 's', 's', 's', 's', 's', 's', 's', 's', 's', 's', 's']",{'s': 18},s,0.3233348953414316,0.05556944219177792
5.059,"['s', 's', 's', 's', 's', 's', 's', 's', 's', 's', 's', 's', 's', 's', 's', 's', 's', 's']",{'s': 18},s,0.5351295510095069,0.09196918651637799
5.073,"['s', 's', 's', 's', 's', 's', 's', 's', 's', 's', 's', 's', 's', 's', 's', 's', 's', 's']",{'s': 18},s,0.26111648393354675,0.044876373987302313
5.088,"['s', 's', 's', 's', 's', 's', 's', 's', 's', 's', 's', 's', 's', 's', 's', 's', 's', 's']",{'s': 18},s,0.8969645781999724,0.15415533663909298
5.103,"['s', 's', 's', 's', 's', 's', 's', 's', 's', 's', 's', 's', 's', 's', 's', 's', 's', 's']",{'s': 18},s,0.5954371961386479,0.1023338594021252
5.118,"['s', 's', 's', 's', 's', 's', 's', 's', 's', 's', 's', 's', 's', 's', 's', 's', 's', 's']",{'s': 18},s,0.1651445647689541,0.028382311705947322
5.133,"['s', 's', 's', 's', 's', 's', 's', 's', 's', 's', 's', 's', 's', 's', 's', 's', 's', 's']",{'s': 18},s,1.0335288182638247,0.17762569529380498
5.148,"['s', 's', 's', 's', 's', 's', 's', 's', 's', 's', 's', 's', 's', 's', 's', 's', 's', 's']",{'s': 18},s,0.23354968324845687,0.040138649467166776
5.163,"['s', 's', 's', 's', 's', 's', 's', 's', 's', 's', 's', 's', 's', 's', 's', 's', 's', 's']",{'s': 18},s,1.0681334611878288,0.1835729558770882
5.178,"['s', 's', 's', 's', 's', 's', 's', 's', 's', 's', 's', 's', 's', 's', 's', 's', 's', 's']",{'s': 18},s,0.29387690682262935,0.0505066919921279
5.193,"['s', 's', 's', 's', 's', 's', 's', 's', 's', 's', 's', 's', 's', 's', 's', 's', 's', 's']",{'s': 18},s,0.873862897505303,0.1501850082299996
5.208,"['s', 's', 's', 's', 's', 's', 's', 's', 's', 's', 's', 's', 's', 's', 's', 's', 's', 's']",{'s': 18},s,0.11677484162422844,0.02006932524274683
5.223,"['s', 's', 's', 's', 's', 's', 's', 's', 's', 's', 's', 's', 's', 's', 's', 's', 's', 's']",{'s': 18},s,0.31622776601683794,0.054347986764890575
5.238,"['s', 's', 's', 's', 's', 's', 's', 's', 's', 's', 's', 's', 's', 's', 's', 's', 's', 's']",{'s': 18},s,0.4472135954999579,0.07685965520404417
5.253,"['s', 's', 's', 's', 's', 's', 's', 's', 's', 's', 's', 's', 's', 's', 's', 's', 's', 's']",{'s': 18},s,0.35675303400633784,0.06131279706016156
5.268,"['s', 's', 's', 's', 's', 's', 's', 's', 's', 's', 's', 's', 's', 's', 's', 's', 's', 's']",{'s': 18},s,0.7446780878644507,0.12798289019493686
5.283,"['s', 's', 's', 's', 's', 's', 's', 's', 's', 's', 's', 's', 's', 's', 's', 's', 's', 's']",{'s': 18},s,0.4814750064314676,0.08274793661427
5.298,"['s', 's', 's', 's', 's', 's', 's', 's', 's', 's', 's', 's', 's', 's', 's', 's', 's', 's']",{'s': 18},s,0.23354968324845687,0.040138649467166776
5.313,"['s', 's', 's', 's', 's', 's', 's', 's', 's', 's', 's', 's', 's', 's', 's', 's', 's', 's']",{'s': 18},s,0.6674238124719146,0.1147057173777708
5.328,"['s', 's', 's', 's', 's', 's', 's', 's', 's', 's', 's', 's', 's', 's', 's', 's', 's', 's']",{'s': 18},s,1.0112997936948631,0.17380534620309862
5.343,"['s', 's', 's', 's', 's', 's', 's', 's', 's', 's', 's', 's', 's', 's', 's', 's', 's', 's']",{'s': 18},s,0.26111648393354675,0.044876373987302313
5.358,"['s', 's', 's', 's', 's', 's', 's', 's', 's', 's', 's', 's', 's', 's', 's', 's', 's', 's']",{'s': 18},s,1.9259000257258705,0.3309910326853578
5.373,"['s', 's', 's', 's', 's', 's', 's', 's', 's', 's', 's', 's', 's', 's', 's', 's', 's', 's']",{'s': 18},s,6.957337526277237,1.195676033943831
5.388,"['s', 's', 's', 's', 's', 's', 's', 's', 's', 's', 's', 's', 's', 's', 's', 's', 's', 's']",{'s': 18},s,0.46709936649691375,0.08027729078771975
5.403,"['s', 's', 's', 's', 's', 's', 's', 's', 's', 's', 's', 's', 's', 's', 's', 's', 's', 's']",{'s': 18},s,2.1405182040380275,0.3678757660914099
5.418,"['s', 's', 's', 's', 's', 's', 's', 's', 's', 's', 's', 's', 's', 's', 's', 's', 's', 's']",{'s': 18},s,3.865347214793141,0.6643056948170964
5.433,"['s', 's', 's', 's', 's', 's', 's', 's', 's', 's', 's', 's', 's', 's', 's', 's', 's', 's']",{'s': 18},s,5.509495934706319,0.9468630725396389
5.448,"['s', 's', 's', 's', 's', 's', 's', 's', 's', 's', 's', 's', 's', 's', 's', 's', 's', 's']",{'s': 18},s,0.6973977605094789,0.11985713858651531
5.463,"['s', 's', 's', 's', 's', 's', 's', 's', 's', 's', 's', 's', 's', 's', 's', 's', 's', 's']",{'s': 18},s,1.393165134113358,0.23943385738160478
5.478,"['s', 's', 's', 's', 's', 's', 's', 's', 's', 's', 's', 's', 's', 's', 's', 's', 's', 's']",{'s': 18},s,2.277358916895542,0.39139346749782467
5.493,"['s', 's', 's', 's', 's', 's', 's', 's', 's', 's', 's', 's', 's', 's', 's', 's', 's', 's']",{'s': 18},s,7.688539286732973,1.3213303329681343
5.507,"['s', 's', 's', 's', 's', 's', 's', 's', 's', 's', 's', 's', 's', 's', 's', 's', 's', 's']",{'s': 18},s,6.8972985489050185,1.1853584502451529
5.522,"['s', 's', 's', 's', 's', 's', 's', 's', 's', 's', 's', 's', 's', 's', 's', 's', 's', 's']",{'s': 18},s,2.7035330419824555,0.4646363693387095
5.537,"['s', 's', 's', 's', 's', 's', 's', 's', 's', 's', 's', 's', 's', 's', 's', 's', 's', 's']",{'s': 18},s,6.779313454111036,1.1650828906492137
5.552,"['s', 's', 's', 's', 's', 's', 's', 's', 's', 's', 's', 's', 's', 's', 's', 's', 's', 's']",{'s': 18},s,7.415892026280759,1.274477210732107
5.567,"['s', 's', 's', 's', 's', 's', 's', 's', 's', 's', 's', 's', 's', 's', 's', 's', 's', 's']",{'s': 18},s,4.295875400258422,0.7382954533441669
5.582,"['s', 's', 's', 's', 's', 's', 's', 's', 's', 's', 's', 's', 's', 's', 's', 's', 's', 's']",{'s': 18},s,0.6252272314199782,0.10745367364778763
5.597,"['s', 's', 's', 's', 's', 's', 's', 's', 's', 's', 's', 's', 's', 's', 's', 's', 's', 's']",{'s': 18},s,3.1130225008677805,0.5350115251046043
5.612,"['s', 's', 's', 's', 's', 's', 's', 's', 's', 's', 's', 's', 's', 's', 's', 's', 's', 's']",{'s': 18},s,4.044075352233865,0.6950216325458002
5.627,"['s', 's', 's', 's', 's', 's', 's', 's', 's', 's', 's', 's', 's', 's', 's', 's', 's', 's']",{'s': 18},s,2.4688974351832735,0.42431159010440433
5.642,"['s', 's', 's', 's', 's', 's', 's', 's', 's', 's', 's', 's', 's', 's', 's', 's', 's', 's']",{'s': 18},s,2.2962419891481978,0.3946387455854045
5.657,"['s', 's', 's', 's', 's', 's', 's', 's', 's', 's', 's', 's', 's', 's', 's', 's', 's', 's']",{'s': 18},s,3.8998834481418685,0.6702410440482636
5.672,"['s', 's', 's', 's', 's', 's', 's', 's', 's', 's', 's', 's', 's', 's', 's', 's', 's', 's']",{'s': 18},s,0.9510759457296007,0.16345508736267375
5.687,"['s', 's', 's', 's', 's', 's', 's', 's', 's', 's', 's', 's', 's', 's', 's', 's', 's', 's']",{'s': 18},s,0.35675303400633784,0.06131279706016156
5.702,"['s', 's', 's', 's', 's', 's', 's', 's', 's', 's', 's', 's', 's', 's', 's', 's', 's', 's']",{'s': 18},s,0.4767312946227962,0.08193266635597021
5.717,"['s', 's', 's', 's', 's', 's', 's', 's', 's', 's', 's', 's', 's', 's', 's', 's', 's', 's']",{'s': 18},s,0.9700046860242949,0.16670824010706667
5.732,"['s', 's', 's', 's', 's', 's', 's', 's', 's', 's', 's', 's', 's', 's', 's', 's', 's', 's']",{'s': 18},s,0.24308621740219885,0.04177763081237766
5.747,"['s', 's', 's', 's', 's', 's', 's', 's', 's', 's', 's', 's', 's', 's', 's', 's', 's', 's']",{'s': 18},s,0.7687061147858074,0.1321124250403497
5.762,"['s', 's', 's', 's', 's', 's', 's', 's', 's', 's', 's', 's', 's', 's', 's', 's', 's', 's']",{'s': 18},s,0.30151134457776363,0.05181877247328314
5.777,"['s', 's', 's', 's', 's', 's', 's', 's', 's', 's', 's', 's', 's', 's', 's', 's', 's', 's']",{'s': 18},s,0.6105139414683933,0.10492499889149615
5.792,"['s', 's', 's', 's', 's', 's', 's', 's', 's', 's', 's', 's', 's', 's', 's', 's', 's', 's']",{'s': 18},s,0.3813850356982369,0.06554613641061707
5.807,"['s', 's', 's', 's', 's', 's', 's', 's', 's', 's', 's', 's', 's', 's', 's', 's', 's', 's']",{'s': 18},s,0.6288517674735005,0.10807659840884516
5.822,"['s', 's', 's', 's', 's', 's', 's', 's', 's', 's', 's', 's', 's', 's', 's', 's', 's', 's']",{'s': 18},s,0.30895719032666236,0.053098440878939515
5.837,"['s', 's', 's', 's', 's', 's', 's', 's', 's', 's', 's', 's', 's', 's', 's', 's', 's', 's']",{'s': 18},s,0.23354968324845687,0.040138649467166776
5.852,"['s', 's', 's', 's', 's', 's', 's', 's', 's', 's', 's', 's', 's', 's', 's', 's', 's', 's']",{'s': 18},s,1.1361818036340359,0.19526795132199423
5.867,"['s', 's', 's', 's', 's', 's', 's', 's', 's', 's', 's', 's', 's', 's', 's', 's', 's', 's']",{'s': 18},s,2.295252016267891,0.39446860711387327
5.882,"['s', 's', 's', 's', 's', 's', 's', 's', 's', 's', 's', 's', 's', 's', 's', 's', 's', 's']",{'s': 18},s,0.8257228238447705,0.14191150092449664
5.897,"['s', 's', 's', 's', 's', 's', 's', 's', 's', 's', 's', 's', 's', 's', 's', 's', 's', 's']",{'s': 18},s,0.8712582332987787,0.14973736232632817
5.912,"['s', 's', 's', 's', 's', 's', 's', 's', 's', 's', 's', 's', 's', 's', 's', 's', 's', 's']",{'s': 18},s,0.46709936649691375,0.08027729078771975
5.927,"['s', 's', 's', 's', 's', 's', 's', 's', 's', 's', 's', 's', 's', 's', 's', 's', 's', 's']",{'s': 18},s,0.4264014327112209,0.07328280668568322
5.941,"['s', 's', 's', 's', 's', 's', 's', 's', 's', 's', 's', 's', 's', 's', 's', 's', 's', 's']",{'s': 18},s,0.20225995873897262,0.0347610904061308
5.956,"['s', 's', 's', 's', 's', 's', 's', 's', 's', 's', 's', 's', 's', 's', 's', 's', 's', 's']",{'s': 18},s,0.13483997249264842,0.023174060597382366
5.971,"['s', 's', 's', 's', 's', 's', 's', 's', 's', 's', 's', 's', 's', 's', 's', 's', 's', 's']",{'s': 18},s,1.8961683853114273,0.32588128555254675
5.986,"['s', 's', 's', 's', 's', 's', 's', 's', 's', 's', 's', 's', 's', 's', 's', 's', 's', 's']",{'s': 18},s,0.777525211517578,0.13362810361348254
6.001,"['s', 's', 's', 's', 's', 's', 's', 's', 's', 's', 's', 's', 's', 's', 's', 's', 's', 's']",{'s': 18},s,1.0723805294763609,0.18430287006665794
6.016,"['s', 's', 's', 's', 's', 's', 's', 's', 's', 's', 's', 's', 's', 's', 's', 's', 's', 's']",{'s': 18},s,0.967658842962558,0.1663050761643699
6.031,"['s', 's', 's', 's', 's', 's', 's', 's', 's', 's', 's', 's', 's', 's', 's', 's', 's', 's']",{'s': 18},s,1.031327476428493,0.17724736587446693
6.046,"['s', 's', 's', 's', 's', 's', 's', 's', 's', 's', 's', 's', 's', 's', 's', 's', 's', 's']",{'s': 18},s,1.5579707080920127,0.2677577945909597
6.061,"['s', 's', 's', 's', 's', 's', 's', 's', 's', 's', 's', 's', 's', 's', 's', 's', 's', 's']",{'s': 18},s,1.0067950951590714,0.17303115470529273
6.076,"['s', 's', 's', 's', 's', 's', 's', 's', 's', 's', 's', 's', 's', 's', 's', 's', 's', 's']",{'s': 18},s,0.8816307204678879,0.15152001105384985
6.091,"['s', 's', 's', 's', 's', 's', 's', 's', 's', 's', 's', 's', 's', 's', 's', 's', 's', 's']",{'s': 18},s,0.17837651700316892,0.03065640034485399
6.106,"['s', 's', 's', 's', 's', 's', 's', 's', 's', 's', 's', 's', 's', 's', 's', 's', 's', 's']",{'s': 18},s,0.4767312946227962,0.08193266635597021
6.121,"['s', 's', 's', 's', 's', 's', 's', 's', 's', 's', 's', 's', 's', 's', 's', 's', 's', 's']",{'s': 18},s,0.19069251784911845,0.032773070422536126
6.136,"['s', 's', 's', 's', 's', 's', 's', 's', 's', 's', 's', 's', 's', 's', 's', 's', 's', 's']",{'s': 18},s,0.8712582332987787,0.14973736232632817
6.151,"['s', 's', 's', 's', 's', 's', 's', 's', 's', 's', 's', 's', 's', 's', 's', 's', 's', 's']",{'s': 18},s,3.123954370519984,0.536890279782051
6.166,"['s', 's', 's', 's', 's', 's', 's', 's', 's', 's', 's', 's', 's', 's', 's', 's', 's', 's']",{'s': 18},s,1.7451230745865878,0.2999222797810254
6.181,"['s', 's', 's', 's', 's', 's', 's', 's', 's', 's', 's', 's', 's', 's', 's', 's', 's', 's']",{'s': 18},s,2.554852779960663,0.43908399749409255
6.196,"['s', 's', 's', 's', 's', 's', 's', 's', 's', 's', 's', 's', 's', 's', 's', 's', 's', 's']",{'s': 18},s,3.852390049165465,0.6620788935158362
6.211,"['s', 's', 's', 's', 's', 's', 's', 's', 's', 's', 's', 's', 's', 's', 's', 's', 's', 's']",{'s': 18},s,1.701603521815392,0.2924429012789582
6.226,"['s', 's', 's', 's', 's', 's', 's', 's', 's', 's', 's', 's', 's', 's', 's', 's', 's', 's']",{'s': 18},s,5.244044240850758,0.9012440867884662
6.241,"['s', 's', 's', 's', 's', 's', 's', 's', 's', 's', 's', 's', 's', 's', 's', 's', 's', 's']",{'s': 18},s,5.246643948970878,0.9016908586861452
6.256,"['s', 's', 's', 's', 's', 's', 's', 's', 's', 's', 's', 's', 's', 's', 's', 's', 's', 's']",{'s': 18},s,10.519030373565807,1.8077126486488617
6.271,"['s', 's', 's', 's', 's', 's', 's', 's', 's', 's', 's', 's', 's', 's', 's', 's', 's', 's']",{'s': 18},s,6.164045306895022,1.059349038781081
6.286,"['s', 's', 's', 's', 's', 's', 's', 's', 's', 's', 's', 's', 's', 's', 's', 's', 's', 's']",{'s': 18},s,6.969739789064778,1.1978073371447622
6.301,"['s', 's', 's', 's', 's', 's', 's', 's', 's', 's', 's', 's', 's', 's', 's', 's', 's', 's']",{'s': 18},s,4.277849927241488,0.7351976395495958
6.316,"['s', 's', 's', 's', 's', 's', 's', 's', 's', 's', 's', 's', 's', 's', 's', 's', 's', 's']",{'s': 18},s,2.3836564731139807,0.40966194601851397
6.331,"['s', 's', 's', 's', 's', 's', 's', 's', 's', 's', 's', 's', 's', 's', 's', 's', 's', 's']",{'s': 18},s,2.7650415088122178,0.4752072786907367
6.346,"['s', 's', 's', 's', 's', 's', 's', 's', 's', 's', 's', 's', 's', 's', 's', 's', 's', 's']",{'s': 18},s,2.5217237971456963,0.4333904049567112
6.361,"['s', 's', 's', 's', 's', 's', 's', 's', 's', 's', 's', 's', 's', 's', 's', 's', 's', 's']",{'s': 18},s,2.0932792890147702,0.3597571915761446
6.376,"['s', 's', 's', 's', 's', 's', 's', 's', 's', 's', 's', 's', 's', 's', 's', 's', 's', 's']",{'s': 18},s,1.386624416605763,0.2383097512430195
6.390,"['s', 's', 's', 's', 's', 's', 's', 's', 's', 's', 's', 's', 's', 's', 's', 's', 's', 's']",{'s': 18},s,1.1984838907401452,0.20597537487258752
6.405,"['s', 's', 's', 's', 's', 's', 's', 's', 's', 's', 's', 's', 's', 's', 's', 's', 's', 's']",{'s': 18},s,1.6264853351489357,0.279532898202138
6.420,"['s', 's', 's', 's', 's', 's', 's', 's', 's', 's', 's', 's', 's', 's', 's', 's', 's', 's']",{'s': 18},s,1.6362373688657545,0.28120890791712816
6.435,"['s', 's', 's', 's', 's', 's', 's', 's', 's', 's', 's', 's', 's', 's', 's', 's', 's', 's']",{'s': 18},s,1.9057329775753427,0.3275250781827834
6.450,"['s', 's', 's', 's', 's', 's', 's', 's', 's', 's', 's', 's', 's', 's', 's', 's', 's', 's']",{'s': 18},s,1.8451410392014629,0.3171116076655651
6.465,"['s', 's', 's', 's', 's', 's', 's', 's', 's', 's', 's', 's', 's', 's', 's', 's', 's', 's']",{'s': 18},s,3.1916083149978847,0.5485173033629798
6.480,"['s', 's', 's', 's', 's', 's', 's', 's', 's', 's', 's', 's', 's', 's', 's', 's', 's', 's']",{'s': 18},s,2.3110406943429385,0.39718207678405715
6.495,"['s', 's', 's', 's', 's', 's', 's', 's', 's', 's', 's', 's', 's', 's', 's', 's', 's', 's']",{'s': 18},s,1.5477256040573037,0.2659970437180185
6.510,"['s', 's', 's', 's', 's', 's', 's', 's', 's', 's', 's', 's', 's', 's', 's', 's', 's', 's']",{'s': 18},s,3.1275898359308854,0.5375150719982864
6.525,"['s', 's', 's', 's', 's', 's', 's', 's', 's', 's', 's', 's', 's', 's', 's', 's', 's', 's']",{'s': 18},s,1.5477256040573037,0.2659970437180185
6.540,"['s', 's', 's', 's', 's', 's', 's', 's', 's', 's', 's', 's', 's', 's', 's', 's', 's', 's']",{'s': 18},s,0.4100997661323622,0.07048114718185762
